"row ID","ClumpThickness","UCellSize","UCellShape","MarginalAdhesion","SECellSize","BareNuclei","BlandChromatin","NormalNucleoli","Mitoses","Class","Prediction (Class)","Result"
"Row350",5,1,1,3,2,1,1,1,1,"2","2","1"
"Row351",2,1,1,1,2,1,3,1,1,"2","2","1"
"Row352",3,4,5,3,7,3,4,6,1,"2","4","0"
"Row353",2,7,10,10,7,10,4,9,4,"4","4","1"
"Row354",1,1,1,1,2,1,2,1,1,"2","2","1"
"Row355",4,1,1,1,3,1,2,2,1,"2","2","1"
"Row356",5,3,3,1,3,3,3,3,3,"4","4","1"
"Row357",8,10,10,7,10,10,7,3,8,"4","4","1"
"Row358",8,10,5,3,8,4,4,10,3,"4","4","1"
"Row359",10,3,5,4,3,7,3,5,3,"4","4","1"
"Row360",6,10,10,10,10,10,8,10,10,"4","4","1"
"Row361",3,10,3,10,6,10,5,1,4,"4","4","1"
"Row362",3,2,2,1,4,3,2,1,1,"2","2","1"
"Row363",4,4,4,2,2,3,2,1,1,"2","2","1"
"Row364",2,1,1,1,2,1,3,1,1,"2","2","1"
"Row365",2,1,1,1,2,1,2,1,1,"2","2","1"
"Row366",6,10,10,10,8,10,7,10,7,"4","4","1"
"Row367",5,8,8,10,5,10,8,10,3,"4","4","1"
"Row368",1,1,3,1,2,1,1,1,1,"2","2","1"
"Row369",1,1,3,1,1,1,2,1,1,"2","2","1"
"Row370",4,3,2,1,3,1,2,1,1,"2","2","1"
"Row371",1,1,3,1,2,1,1,1,1,"2","2","1"
"Row372",4,1,2,1,2,1,2,1,1,"2","2","1"
"Row373",5,1,1,2,2,1,2,1,1,"2","2","1"
"Row374",3,1,2,1,2,1,2,1,1,"2","2","1"
"Row375",1,1,1,1,2,1,1,1,1,"2","2","1"
"Row376",1,1,1,1,2,1,2,1,1,"2","2","1"
"Row377",1,1,1,1,1,1,2,1,1,"2","2","1"
"Row378",3,1,1,4,3,1,2,2,1,"2","2","1"
"Row379",5,3,4,1,4,1,3,1,1,"2","2","1"
"Row380",1,1,1,1,2,1,1,1,1,"2","2","1"
"Row381",10,6,3,6,4,10,7,8,4,"4","4","1"
"Row382",3,2,2,2,2,1,3,2,1,"2","2","1"
"Row383",2,1,1,1,2,1,1,1,1,"2","2","1"
"Row384",2,1,1,1,2,1,1,1,1,"2","2","1"
"Row385",3,3,2,2,3,1,1,2,3,"2","2","1"
"Row386",7,6,6,3,2,10,7,1,1,"4","4","1"
"Row387",5,3,3,2,3,1,3,1,1,"2","2","1"
"Row388",2,1,1,1,2,1,2,2,1,"2","2","1"
"Row389",5,1,1,1,3,2,2,2,1,"2","2","1"
"Row390",1,1,1,2,2,1,2,1,1,"2","2","1"
"Row391",10,8,7,4,3,10,7,9,1,"4","4","1"
"Row392",3,1,1,1,2,1,2,1,1,"2","2","1"
"Row393",1,1,1,1,1,1,1,1,1,"2","2","1"
"Row394",1,2,3,1,2,1,2,1,1,"2","2","1"
"Row395",3,1,1,1,2,1,2,1,1,"2","2","1"
"Row396",3,1,1,1,2,1,3,1,1,"2","2","1"
"Row397",4,1,1,1,2,1,1,1,1,"2","2","1"
"Row398",3,2,1,1,2,1,2,2,1,"2","2","1"
"Row399",1,2,3,1,2,1,1,1,1,"2","2","1"
"Row400",3,10,8,7,6,9,9,3,8,"4","4","1"
"Row401",3,1,1,1,2,1,1,1,1,"2","2","1"
"Row402",5,3,3,1,2,1,2,1,1,"2","2","1"
"Row403",3,1,1,1,2,4,1,1,1,"2","2","1"
"Row404",1,2,1,3,2,1,1,2,1,"2","2","1"
"Row405",1,1,1,1,2,1,2,1,1,"2","2","1"
"Row406",4,2,2,1,2,1,2,1,1,"2","2","1"
"Row407",1,1,1,1,2,1,2,1,1,"2","2","1"
"Row408",2,3,2,2,2,2,3,1,1,"2","2","1"
"Row409",3,1,2,1,2,1,2,1,1,"2","2","1"
"Row410",1,1,1,1,2,1,2,1,1,"2","2","1"
"Row411",1,1,1,1,1,,2,1,1,"2","2","1"
"Row412",10,10,10,6,8,4,8,5,1,"4","4","1"
"Row413",5,1,2,1,2,1,3,1,1,"2","2","1"
"Row414",8,5,6,2,3,10,6,6,1,"4","4","1"
"Row415",3,3,2,6,3,3,3,5,1,"2","4","0"
"Row416",8,7,8,5,10,10,7,2,1,"4","4","1"
"Row417",1,1,1,1,2,1,2,1,1,"2","2","1"
"Row418",5,2,2,2,2,2,3,2,2,"2","2","1"
"Row419",2,3,1,1,5,1,1,1,1,"2","2","1"
"Row420",3,2,2,3,2,3,3,1,1,"2","2","1"
"Row421",10,10,10,7,10,10,8,2,1,"4","4","1"
"Row422",4,3,3,1,2,1,3,3,1,"2","2","1"
"Row423",5,1,3,1,2,1,2,1,1,"2","2","1"
"Row424",3,1,1,1,2,1,1,1,1,"2","2","1"
"Row425",9,10,10,10,10,10,10,10,1,"4","4","1"
"Row426",5,3,6,1,2,1,1,1,1,"2","2","1"
"Row427",8,7,8,2,4,2,5,10,1,"4","4","1"
"Row428",1,1,1,1,2,1,2,1,1,"2","2","1"
"Row429",2,1,1,1,2,1,2,1,1,"2","2","1"
"Row430",1,3,1,1,2,1,2,2,1,"2","2","1"
"Row431",5,1,1,3,4,1,3,2,1,"2","2","1"
"Row432",5,1,1,1,2,1,2,2,1,"2","2","1"
"Row433",3,2,2,3,2,1,1,1,1,"2","2","1"
"Row434",6,9,7,5,5,8,4,2,1,"2","4","0"
"Row435",10,8,10,1,3,10,5,1,1,"4","4","1"
"Row436",10,10,10,1,6,1,2,8,1,"4","4","1"
"Row437",4,1,1,1,2,1,1,1,1,"2","2","1"
"Row438",4,1,3,3,2,1,1,1,1,"2","2","1"
"Row439",5,1,1,1,2,1,1,1,1,"2","2","1"
"Row440",10,4,3,10,4,10,10,1,1,"4","4","1"
"Row441",5,2,2,4,2,4,1,1,1,"2","2","1"
"Row442",1,1,1,3,2,3,1,1,1,"2","2","1"
"Row443",1,1,1,1,2,2,1,1,1,"2","2","1"
"Row444",5,1,1,6,3,1,2,1,1,"2","2","1"
"Row445",2,1,1,1,2,1,1,1,1,"2","2","1"
"Row446",1,1,1,1,2,1,1,1,1,"2","2","1"
"Row447",5,1,1,1,2,1,1,1,1,"2","2","1"
"Row448",1,1,1,1,1,1,1,1,1,"2","2","1"
"Row449",5,7,9,8,6,10,8,10,1,"4","2","0"
"Row450",4,1,1,3,1,1,2,1,1,"2","2","1"
"Row451",5,1,1,1,2,1,1,1,1,"2","2","1"
"Row452",3,1,1,3,2,1,1,1,1,"2","2","1"
"Row453",4,5,5,8,6,10,10,7,1,"4","4","1"
"Row454",2,3,1,1,3,1,1,1,1,"2","2","1"
"Row455",10,2,2,1,2,6,1,1,2,"4","2","0"
"Row456",10,6,5,8,5,10,8,6,1,"4","4","1"
"Row457",8,8,9,6,6,3,10,10,1,"4","4","1"
"Row458",5,1,2,1,2,1,1,1,1,"2","2","1"
"Row459",5,1,3,1,2,1,1,1,1,"2","2","1"
"Row460",5,1,1,3,2,1,1,1,1,"2","2","1"
"Row461",3,1,1,1,2,5,1,1,1,"2","2","1"
"Row462",6,1,1,3,2,1,1,1,1,"2","2","1"
"Row463",4,1,1,1,2,1,1,2,1,"2","2","1"
"Row464",4,1,1,1,2,1,1,1,1,"2","2","1"
"Row465",10,9,8,7,6,4,7,10,3,"4","4","1"
"Row466",10,6,6,2,4,10,9,7,1,"4","4","1"
"Row467",6,6,6,5,4,10,7,6,2,"4","4","1"
"Row468",4,1,1,1,2,1,1,1,1,"2","2","1"
"Row469",1,1,2,1,2,1,2,1,1,"2","2","1"
"Row470",3,1,1,1,1,1,2,1,1,"2","2","1"
"Row471",6,1,1,3,2,1,1,1,1,"2","2","1"
"Row472",6,1,1,1,1,1,1,1,1,"2","2","1"
"Row473",4,1,1,1,2,1,1,1,1,"2","2","1"
"Row474",5,1,1,1,2,1,1,1,1,"2","2","1"
"Row475",3,1,1,1,2,1,1,1,1,"2","2","1"
"Row476",4,1,2,1,2,1,1,1,1,"2","2","1"
"Row477",4,1,1,1,2,1,1,1,1,"2","2","1"
"Row478",5,2,1,1,2,1,1,1,1,"2","2","1"
"Row479",4,8,7,10,4,10,7,5,1,"4","4","1"
"Row480",5,1,1,1,1,1,1,1,1,"2","2","1"
"Row481",5,3,2,4,2,1,1,1,1,"2","2","1"
"Row482",9,10,10,10,10,5,10,10,10,"4","4","1"
"Row483",8,7,8,5,5,10,9,10,1,"4","4","1"
"Row484",5,1,2,1,2,1,1,1,1,"2","2","1"
"Row485",1,1,1,3,1,3,1,1,1,"2","2","1"
"Row486",3,1,1,1,1,1,2,1,1,"2","2","1"
"Row487",10,10,10,10,6,10,8,1,5,"4","4","1"
"Row488",3,6,4,10,3,3,3,4,1,"4","4","1"
"Row489",6,3,2,1,3,4,4,1,1,"4","2","0"
"Row490",1,1,1,1,2,1,1,1,1,"2","2","1"
"Row491",5,8,9,4,3,10,7,1,1,"4","4","1"
"Row492",4,1,1,1,1,1,2,1,1,"2","2","1"
"Row493",5,10,10,10,6,10,6,5,2,"4","4","1"
"Row494",5,1,2,10,4,5,2,1,1,"2","2","1"
"Row495",3,1,1,1,1,1,2,1,1,"2","2","1"
"Row496",1,1,1,1,1,1,1,1,1,"2","2","1"
"Row497",4,2,1,1,2,1,1,1,1,"2","2","1"
"Row498",4,1,1,1,2,1,2,1,1,"2","2","1"
"Row499",4,1,1,1,2,1,2,1,1,"2","2","1"
"Row500",6,1,1,1,2,1,3,1,1,"2","2","1"
"Row501",4,1,1,1,2,1,2,1,1,"2","2","1"
"Row502",4,1,1,2,2,1,2,1,1,"2","2","1"
"Row503",4,1,1,1,2,1,3,1,1,"2","2","1"
"Row504",1,1,1,1,2,1,1,1,1,"2","2","1"
"Row505",3,3,1,1,2,1,1,1,1,"2","2","1"
"Row506",8,10,10,10,7,5,4,8,7,"4","4","1"
"Row507",1,1,1,1,2,4,1,1,1,"2","2","1"
"Row508",5,1,1,1,2,1,1,1,1,"2","2","1"
"Row509",2,1,1,1,2,1,1,1,1,"2","2","1"
"Row510",1,1,1,1,2,1,1,1,1,"2","2","1"
"Row511",5,1,1,1,2,1,2,1,1,"2","2","1"
"Row512",5,1,1,1,2,1,1,1,1,"2","2","1"
"Row513",3,1,1,1,1,1,2,1,1,"2","2","1"
"Row514",6,6,7,10,3,10,8,10,2,"4","4","1"
"Row515",4,10,4,7,3,10,9,10,1,"4","4","1"
"Row516",1,1,1,1,1,1,1,1,1,"2","2","1"
"Row517",1,1,1,1,1,1,2,1,1,"2","2","1"
"Row518",3,1,2,2,2,1,1,1,1,"2","2","1"
"Row519",4,7,8,3,4,10,9,1,1,"4","4","1"
"Row520",1,1,1,1,3,1,1,1,1,"2","2","1"
"Row521",4,1,1,1,3,1,1,1,1,"2","2","1"
"Row522",10,4,5,4,3,5,7,3,1,"4","4","1"
"Row523",7,5,6,10,4,10,5,3,1,"4","4","1"
"Row524",3,1,1,1,2,1,2,1,1,"2","2","1"
"Row525",3,1,1,2,2,1,1,1,1,"2","2","1"
"Row526",4,1,1,1,2,1,1,1,1,"2","2","1"
"Row527",4,1,1,1,2,1,3,1,1,"2","2","1"
"Row528",6,1,3,2,2,1,1,1,1,"2","2","1"
"Row529",4,1,1,1,1,1,2,1,1,"2","2","1"
"Row530",7,4,4,3,4,10,6,9,1,"4","4","1"
"Row531",4,2,2,1,2,1,2,1,1,"2","2","1"
"Row532",1,1,1,1,1,1,3,1,1,"2","2","1"
"Row533",3,1,1,1,2,1,2,1,1,"2","2","1"
"Row534",2,1,1,1,2,1,2,1,1,"2","2","1"
"Row535",1,1,3,2,2,1,3,1,1,"2","2","1"
"Row536",5,1,1,1,2,1,3,1,1,"2","2","1"
"Row537",5,1,2,1,2,1,3,1,1,"2","2","1"
"Row538",4,1,1,1,2,1,2,1,1,"2","2","1"
"Row539",6,1,1,1,2,1,2,1,1,"2","2","1"
"Row540",5,1,1,1,2,2,2,1,1,"2","2","1"
"Row541",3,1,1,1,2,1,1,1,1,"2","2","1"
"Row542",5,3,1,1,2,1,1,1,1,"2","2","1"
"Row543",4,1,1,1,2,1,2,1,1,"2","2","1"
"Row544",2,1,3,2,2,1,2,1,1,"2","2","1"
"Row545",5,1,1,1,2,1,2,1,1,"2","2","1"
"Row546",6,10,10,10,4,10,7,10,1,"4","2","0"
"Row547",2,1,1,1,1,1,1,1,1,"2","2","1"
"Row548",3,1,1,1,1,1,1,1,1,"2","2","1"
"Row549",7,8,3,7,4,5,7,8,2,"4","4","1"
"Row550",3,1,1,1,2,1,2,1,1,"2","2","1"
"Row551",1,1,1,1,2,1,3,1,1,"2","2","1"
"Row552",3,2,2,2,2,1,4,2,1,"2","2","1"
"Row553",4,4,2,1,2,5,2,1,2,"2","4","0"
"Row554",3,1,1,1,2,1,1,1,1,"2","2","1"
"Row555",4,3,1,1,2,1,4,8,1,"2","2","1"
"Row556",5,2,2,2,1,1,2,1,1,"2","2","1"
"Row557",5,1,1,3,2,1,1,1,1,"2","2","1"
"Row558",2,1,1,1,2,1,2,1,1,"2","2","1"
"Row559",5,1,1,1,2,1,2,1,1,"2","2","1"
"Row560",5,1,1,1,2,1,3,1,1,"2","2","1"
"Row561",5,1,1,1,2,1,3,1,1,"2","2","1"
"Row562",1,1,1,1,2,1,3,1,1,"2","2","1"
"Row563",3,1,1,1,2,1,2,1,1,"2","2","1"
"Row564",4,1,1,1,2,1,3,2,1,"2","2","1"
"Row565",5,7,10,10,5,10,10,10,1,"4","2","0"
"Row566",3,1,2,1,2,1,3,1,1,"2","2","1"
"Row567",4,1,1,1,2,3,2,1,1,"2","2","1"
"Row568",8,4,4,1,6,10,2,5,2,"4","4","1"
"Row569",10,10,8,10,6,5,10,3,1,"4","4","1"
"Row570",8,10,4,4,8,10,8,2,1,"4","4","1"
"Row571",7,6,10,5,3,10,9,10,2,"4","4","1"
"Row572",3,1,1,1,2,1,2,1,1,"2","2","1"
"Row573",1,1,1,1,2,1,2,1,1,"2","2","1"
"Row574",10,9,7,3,4,2,7,7,1,"4","4","1"
"Row575",5,1,2,1,2,1,3,1,1,"2","2","1"
"Row576",5,1,1,1,2,1,2,1,1,"2","2","1"
"Row577",1,1,1,1,2,1,2,1,1,"2","2","1"
"Row578",1,1,1,1,2,1,2,1,1,"2","2","1"
"Row579",1,1,1,1,2,1,3,1,1,"2","2","1"
"Row580",5,1,2,1,2,1,2,1,1,"2","2","1"
"Row581",5,7,10,6,5,10,7,5,1,"4","4","1"
"Row582",6,10,5,5,4,10,6,10,1,"4","2","0"
"Row583",3,1,1,1,2,1,1,1,1,"2","2","1"
"Row584",5,1,1,6,3,1,1,1,1,"2","2","1"
"Row585",1,1,1,1,2,1,1,1,1,"2","2","1"
"Row586",8,10,10,10,6,10,10,10,1,"4","4","1"
"Row587",5,1,1,1,2,1,2,2,1,"2","2","1"
"Row588",9,8,8,9,6,3,4,1,1,"4","4","1"
"Row589",5,1,1,1,2,1,1,1,1,"2","2","1"
"Row590",4,10,8,5,4,1,10,1,1,"4","4","1"
"Row591",2,5,7,6,4,10,7,6,1,"4","4","1"
"Row592",10,3,4,5,3,10,4,1,1,"4","2","0"
"Row593",5,1,2,1,2,1,1,1,1,"2","2","1"
"Row594",4,8,6,3,4,10,7,1,1,"4","4","1"
"Row595",5,1,1,1,2,1,2,1,1,"2","2","1"
"Row596",4,1,2,1,2,1,2,1,1,"2","2","1"
"Row597",5,1,3,1,2,1,3,1,1,"2","2","1"
"Row598",3,1,1,1,2,1,2,1,1,"2","2","1"
"Row599",5,2,4,1,1,1,1,1,1,"2","2","1"
"Row600",3,1,1,1,2,1,2,1,1,"2","2","1"
"Row601",1,1,1,1,1,1,2,1,1,"2","2","1"
"Row602",4,1,1,1,2,1,2,1,1,"2","2","1"
"Row603",5,4,6,8,4,1,8,10,1,"4","4","1"
"Row604",5,3,2,8,5,10,8,1,2,"4","4","1"
"Row605",10,5,10,3,5,8,7,8,3,"4","4","1"
"Row606",4,1,1,2,2,1,1,1,1,"2","2","1"
"Row607",1,1,1,1,2,1,1,1,1,"2","2","1"
"Row608",5,10,10,10,10,10,10,1,1,"4","4","1"
"Row609",5,1,1,1,2,1,1,1,1,"2","2","1"
"Row610",10,4,3,10,3,10,7,1,2,"4","4","1"
"Row611",5,10,10,10,5,2,8,5,1,"4","4","1"
"Row612",8,10,10,10,6,10,10,10,10,"4","4","1"
"Row613",2,3,1,1,2,1,2,1,1,"2","2","1"
"Row614",2,1,1,1,1,1,2,1,1,"2","2","1"
"Row615",4,1,3,1,2,1,2,1,1,"2","2","1"
"Row616",3,1,1,1,2,1,2,1,1,"2","2","1"
"Row617",1,1,1,1,1,,1,1,1,"2","2","1"
"Row618",4,1,1,1,2,1,2,1,1,"2","2","1"
"Row619",5,1,1,1,2,1,2,1,1,"2","2","1"
"Row620",3,1,1,1,2,1,2,1,1,"2","2","1"
"Row621",6,3,3,3,3,2,6,1,1,"2","2","1"
"Row622",7,1,2,3,2,1,2,1,1,"2","2","1"
"Row623",1,1,1,1,2,1,1,1,1,"2","2","1"
"Row624",5,1,1,2,1,1,2,1,1,"2","2","1"
"Row625",3,1,3,1,3,4,1,1,1,"2","2","1"
"Row626",4,6,6,5,7,6,7,7,3,"4","4","1"
"Row627",2,1,1,1,2,5,1,1,1,"2","2","1"
"Row628",2,1,1,1,2,1,1,1,1,"2","2","1"
"Row629",4,1,1,1,2,1,1,1,1,"2","2","1"
"Row630",6,2,3,1,2,1,1,1,1,"2","2","1"
"Row631",5,1,1,1,2,1,2,1,1,"2","2","1"
"Row632",1,1,1,1,2,1,1,1,1,"2","2","1"
"Row633",8,7,4,4,5,3,5,10,1,"4","4","1"
"Row634",3,1,1,1,2,1,1,1,1,"2","2","1"
"Row635",3,1,4,1,2,1,1,1,1,"2","2","1"
"Row636",10,10,7,8,7,1,10,10,3,"4","4","1"
"Row637",4,2,4,3,2,2,2,1,1,"2","2","1"
"Row638",4,1,1,1,2,1,1,1,1,"2","2","1"
"Row639",5,1,1,3,2,1,1,1,1,"2","2","1"
"Row640",4,1,1,3,2,1,1,1,1,"2","2","1"
"Row641",3,1,1,1,2,1,2,1,1,"2","2","1"
"Row642",3,1,1,1,2,1,2,1,1,"2","2","1"
"Row643",1,1,1,1,2,1,1,1,1,"2","2","1"
"Row644",2,1,1,1,2,1,1,1,1,"2","2","1"
"Row645",3,1,1,1,2,1,2,1,1,"2","2","1"
"Row646",1,2,2,1,2,1,1,1,1,"2","2","1"
"Row647",1,1,1,3,2,1,1,1,1,"2","2","1"
"Row648",5,10,10,10,10,2,10,10,10,"4","4","1"
"Row649",3,1,1,1,2,1,2,1,1,"2","2","1"
"Row650",3,1,1,2,3,4,1,1,1,"2","2","1"
"Row651",1,2,1,3,2,1,2,1,1,"2","2","1"
"Row652",5,1,1,1,2,1,2,2,1,"2","2","1"
"Row653",4,1,1,1,2,1,2,1,1,"2","2","1"
"Row654",3,1,1,1,2,1,3,1,1,"2","2","1"
"Row655",3,1,1,1,2,1,2,1,1,"2","2","1"
"Row656",5,1,1,1,2,1,2,1,1,"2","2","1"
"Row657",5,4,5,1,8,1,3,6,1,"2","2","1"
"Row658",7,8,8,7,3,10,7,2,3,"4","4","1"
"Row659",1,1,1,1,2,1,1,1,1,"2","2","1"
"Row660",1,1,1,1,2,1,2,1,1,"2","2","1"
"Row661",4,1,1,1,2,1,3,1,1,"2","2","1"
"Row662",1,1,3,1,2,1,2,1,1,"2","2","1"
"Row663",1,1,3,1,2,1,2,1,1,"2","2","1"
"Row664",3,1,1,3,2,1,2,1,1,"2","2","1"
"Row665",1,1,1,1,2,1,1,1,1,"2","2","1"
"Row666",5,2,2,2,2,1,1,1,2,"2","2","1"
"Row667",3,1,1,1,2,1,3,1,1,"2","2","1"
"Row668",5,7,4,1,6,1,7,10,3,"4","2","0"
"Row669",5,10,10,8,5,5,7,10,1,"4","4","1"
"Row670",3,10,7,8,5,8,7,4,1,"4","4","1"
"Row671",3,2,1,2,2,1,3,1,1,"2","2","1"
"Row672",2,1,1,1,2,1,3,1,1,"2","2","1"
"Row673",5,3,2,1,3,1,1,1,1,"2","2","1"
"Row674",1,1,1,1,2,1,2,1,1,"2","2","1"
"Row675",4,1,4,1,2,1,1,1,1,"2","2","1"
"Row676",1,1,2,1,2,1,2,1,1,"2","2","1"
"Row677",5,1,1,1,2,1,1,1,1,"2","2","1"
"Row678",1,1,1,1,2,1,1,1,1,"2","2","1"
"Row679",2,1,1,1,2,1,1,1,1,"2","2","1"
"Row680",10,10,10,10,5,10,10,10,7,"4","4","1"
"Row681",5,10,10,10,4,10,5,6,3,"4","4","1"
"Row682",5,1,1,1,2,1,3,2,1,"2","2","1"
"Row683",1,1,1,1,2,1,1,1,1,"2","2","1"
"Row684",1,1,1,1,2,1,1,1,1,"2","2","1"
"Row685",1,1,1,1,2,1,1,1,1,"2","2","1"
"Row686",1,1,1,1,2,1,1,1,1,"2","2","1"
"Row687",3,1,1,1,2,1,2,3,1,"2","2","1"
"Row688",4,1,1,1,2,1,1,1,1,"2","2","1"
"Row689",1,1,1,1,2,1,1,1,8,"2","2","1"
"Row690",1,1,1,3,2,1,1,1,1,"2","2","1"
"Row691",5,10,10,5,4,5,4,4,1,"4","4","1"
"Row692",3,1,1,1,2,1,1,1,1,"2","2","1"
"Row693",3,1,1,1,2,1,2,1,2,"2","2","1"
"Row694",3,1,1,1,3,2,1,1,1,"2","2","1"
"Row695",2,1,1,1,2,1,1,1,1,"2","2","1"
"Row696",5,10,10,3,7,3,8,10,2,"4","4","1"
"Row697",4,8,6,4,3,4,10,6,1,"4","4","1"
"Row698",4,8,8,5,4,5,10,4,1,"4","4","1"
